width,offset,total,fault_rate,avg_diff,unique_masks,top1,top1_count,top2,top2_count,top3,top3_count
0.5,-10.0,80,0.0,0.0,0,,,,,,
0.5,-6.852425180598555,80,0.0,0.0,0,,,,,,
0.5,-3.70485036119711,80,0.0,0.0,0,,,,,,
0.5,-0.557275541795665,80,0.0,0.0,0,,,,,,
0.5,2.59029927760578,80,0.0,0.0,0,,,,,,
0.5,5.737874097007225,80,0.0,0.0,0,,,,,,
0.5,8.88544891640867,80,0.0,0.0,0,,,,,,
0.5,12.033023735810115,80,0.0,0.0,0,,,,,,
0.5,15.18059855521156,80,0.0,0.0,0,,,,,,
0.5,18.328173374613005,80,0.0,0.0,0,,,,,,
0.5,21.47574819401445,80,0.0,0.0,0,,,,,,
0.5,24.6233230134159,80,0.0,0.0,0,,,,,,
0.5,27.77089783281734,80,0.0,0.0,0,,,,,,
0.5,30.91847265221878,80,0.0,0.0,0,,,,,,
0.5,34.06604747162023,80,0.0,0.0,0,,,,,,
0.5,37.21362229102168,80,0.0,0.0,0,,,,,,
0.5,40.36119711042312,80,0.0,0.0,0,,,,,,
0.5,43.50877192982456,80,0.0,0.0,0,,,,,,
0.5,46.65634674922601,80,0.0,0.0,0,,,,,,
0.5,49.80392156862745,80,0.0,0.0,0,,,,,,
0.5594576071550751,-10.0,80,0.0,0.0,0,,,,,,
0.5594576071550751,-6.852425180598555,80,0.0,0.0,0,,,,,,
0.5594576071550751,-3.70485036119711,80,0.0,0.0,0,,,,,,
0.5594576071550751,-0.557275541795665,80,0.0,0.0,0,,,,,,
0.5594576071550751,2.59029927760578,80,0.0,0.0,0,,,,,,
0.5594576071550751,5.737874097007225,80,0.0,0.0,0,,,,,,
0.5594576071550751,8.88544891640867,80,0.0,0.0,0,,,,,,
0.5594576071550751,12.033023735810115,80,0.0,0.0,0,,,,,,
0.5594576071550751,15.18059855521156,80,0.0,0.0,0,,,,,,
0.5594576071550751,18.328173374613005,80,0.0,0.0,0,,,,,,
0.5594576071550751,21.47574819401445,80,0.0,0.0,0,,,,,,
0.5594576071550751,24.6233230134159,80,0.0,0.0,0,,,,,,
0.5594576071550751,27.77089783281734,80,0.0,0.0,0,,,,,,
0.5594576071550751,30.91847265221878,80,0.0,0.0,0,,,,,,
0.5594576071550751,34.06604747162023,80,0.0,0.0,0,,,,,,
0.5594576071550751,37.21362229102168,80,0.0,0.0,0,,,,,,
0.5594576071550751,40.36119711042312,80,0.0,0.0,0,,,,,,
0.5594576071550751,43.50877192982456,80,0.0,0.0,0,,,,,,
0.5594576071550751,46.65634674922601,80,0.0,0.0,0,,,,,,
0.5594576071550751,49.80392156862745,80,0.0,0.0,0,,,,,,
0.6259856284073646,-10.0,80,0.0,0.0,0,,,,,,
0.6259856284073646,-6.852425180598555,80,0.0,0.0,0,,,,,,
0.6259856284073646,-3.70485036119711,80,0.0,0.0,0,,,,,,
0.6259856284073646,-0.557275541795665,80,0.0,0.0,0,,,,,,
0.6259856284073646,2.59029927760578,80,0.0,0.0,0,,,,,,
0.6259856284073646,5.737874097007225,80,0.0,0.0,0,,,,,,
0.6259856284073646,8.88544891640867,80,0.0,0.0,0,,,,,,
0.6259856284073646,12.033023735810115,80,0.0,0.0,0,,,,,,
0.6259856284073646,15.18059855521156,80,0.0,0.0,0,,,,,,
0.6259856284073646,18.328173374613005,80,0.0,0.0,0,,,,,,
0.6259856284073646,21.47574819401445,80,0.0,0.0,0,,,,,,
0.6259856284073646,24.6233230134159,80,0.0,0.0,0,,,,,,
0.6259856284073646,27.77089783281734,80,0.0,0.0,0,,,,,,
0.6259856284073646,30.91847265221878,80,0.0,0.0,0,,,,,,
0.6259856284073646,34.06604747162023,80,0.0,0.0,0,,,,,,
0.6259856284073646,37.21362229102168,80,0.0,0.0,0,,,,,,
0.6259856284073646,40.36119711042312,80,0.0,0.0,0,,,,,,
0.6259856284073646,43.50877192982456,80,0.0,0.0,0,,,,,,
0.6259856284073646,46.65634674922601,80,0.0,0.0,0,,,,,,
0.6259856284073646,49.80392156862745,80,0.0,0.0,0,,,,,,
0.7004248435645004,-10.0,80,0.0,0.0,0,,,,,,
0.7004248435645004,-6.852425180598555,80,0.0,0.0,0,,,,,,
0.7004248435645004,-3.70485036119711,80,0.0,0.0,0,,,,,,
0.7004248435645004,-0.557275541795665,80,0.0,0.0,0,,,,,,
0.7004248435645004,2.59029927760578,80,0.0,0.0,0,,,,,,
0.7004248435645004,5.737874097007225,80,0.0,0.0,0,,,,,,
0.7004248435645004,8.88544891640867,80,0.0,0.0,0,,,,,,
0.7004248435645004,12.033023735810115,80,0.0,0.0,0,,,,,,
0.7004248435645004,15.18059855521156,80,0.0,0.0,0,,,,,,
0.7004248435645004,18.328173374613005,80,0.0,0.0,0,,,,,,
0.7004248435645004,21.47574819401445,80,0.0,0.0,0,,,,,,
0.7004248435645004,24.6233230134159,80,0.0,0.0,0,,,,,,
0.7004248435645004,27.77089783281734,80,0.0,0.0,0,,,,,,
0.7004248435645004,30.91847265221878,80,0.0,0.0,0,,,,,,
0.7004248435645004,34.06604747162023,80,0.0,0.0,0,,,,,,
0.7004248435645004,37.21362229102168,80,0.0,0.0,0,,,,,,
0.7004248435645004,40.36119711042312,80,0.0,0.0,0,,,,,,
0.7004248435645004,43.50877192982456,80,0.0,0.0,0,,,,,,
0.7004248435645004,46.65634674922601,80,0.0,0.0,0,,,,,,
0.7004248435645004,49.80392156862745,80,0.0,0.0,0,,,,,,
0.7837160139451262,-10.0,80,0.0,0.0,0,,,,,,
0.7837160139451262,-6.852425180598555,80,0.0,0.0,0,,,,,,
0.7837160139451262,-3.70485036119711,80,0.0,0.0,0,,,,,,
0.7837160139451262,-0.557275541795665,80,0.0,0.0,0,,,,,,
0.7837160139451262,2.59029927760578,80,0.0,0.0,0,,,,,,
0.7837160139451262,5.737874097007225,80,0.0,0.0,0,,,,,,
0.7837160139451262,8.88544891640867,80,0.0,0.0,0,,,,,,
0.7837160139451262,12.033023735810115,80,0.0,0.0,0,,,,,,
0.7837160139451262,15.18059855521156,80,0.0,0.0,0,,,,,,
0.7837160139451262,18.328173374613005,80,0.0,0.0,0,,,,,,
0.7837160139451262,21.47574819401445,80,0.0,0.0,0,,,,,,
0.7837160139451262,24.6233230134159,80,0.0,0.0,0,,,,,,
0.7837160139451262,27.77089783281734,80,0.0,0.0,0,,,,,,
0.7837160139451262,30.91847265221878,80,0.0,0.0,0,,,,,,
0.7837160139451262,34.06604747162023,80,0.0,0.0,0,,,,,,
0.7837160139451262,37.21362229102168,80,0.0,0.0,0,,,,,,
0.7837160139451262,40.36119711042312,80,0.0,0.0,0,,,,,,
0.7837160139451262,43.50877192982456,80,0.0,0.0,0,,,,,,
0.7837160139451262,46.65634674922601,80,0.0,0.0,0,,,,,,
0.7837160139451262,49.80392156862745,80,0.0,0.0,0,,,,,,
0.8769117717017075,-10.0,80,0.0,0.0,0,,,,,,
0.8769117717017075,-6.852425180598555,80,0.0,0.0,0,,,,,,
0.8769117717017075,-3.70485036119711,80,0.0,0.0,0,,,,,,
0.8769117717017075,-0.557275541795665,80,0.0,0.0,0,,,,,,
0.8769117717017075,2.59029927760578,80,0.0,0.0,0,,,,,,
0.8769117717017075,5.737874097007225,80,0.0,0.0,0,,,,,,
0.8769117717017075,8.88544891640867,80,0.0,0.0,0,,,,,,
0.8769117717017075,12.033023735810115,80,0.0,0.0,0,,,,,,
0.8769117717017075,15.18059855521156,80,0.0,0.0,0,,,,,,
0.8769117717017075,18.328173374613005,80,0.0,0.0,0,,,,,,
0.8769117717017075,21.47574819401445,80,0.0,0.0,0,,,,,,
0.8769117717017075,24.6233230134159,80,0.0,0.0,0,,,,,,
0.8769117717017075,27.77089783281734,80,0.0,0.0,0,,,,,,
0.8769117717017075,30.91847265221878,80,0.0,0.0,0,,,,,,
0.8769117717017075,34.06604747162023,80,0.0,0.0,0,,,,,,
0.8769117717017075,37.21362229102168,80,0.0,0.0,0,,,,,,
0.8769117717017075,40.36119711042312,80,0.0,0.0,0,,,,,,
0.8769117717017075,43.50877192982456,80,0.0,0.0,0,,,,,,
0.8769117717017075,46.65634674922601,80,0.0,0.0,0,,,,,,
0.8769117717017075,49.80392156862745,80,0.0,0.0,0,,,,,,
0.9811899229647096,-10.0,80,0.0,0.0,0,,,,,,
0.9811899229647096,-6.852425180598555,80,0.0,0.0,0,,,,,,
0.9811899229647096,-3.70485036119711,80,0.0,0.0,0,,,,,,
0.9811899229647096,-0.557275541795665,80,0.0,0.0,0,,,,,,
0.9811899229647096,2.59029927760578,80,0.0,0.0,0,,,,,,
0.9811899229647096,5.737874097007225,80,0.0,0.0,0,,,,,,
0.9811899229647096,8.88544891640867,80,0.0,0.0,0,,,,,,
0.9811899229647096,12.033023735810115,80,0.0,0.0,0,,,,,,
0.9811899229647096,15.18059855521156,80,0.0,0.0,0,,,,,,
0.9811899229647096,18.328173374613005,80,0.0,0.0,0,,,,,,
0.9811899229647096,21.47574819401445,80,0.0,0.0,0,,,,,,
0.9811899229647096,24.6233230134159,80,0.0,0.0,0,,,,,,
0.9811899229647096,27.77089783281734,80,0.0,0.0,0,,,,,,
0.9811899229647096,30.91847265221878,80,0.0,0.0,0,,,,,,
0.9811899229647096,34.06604747162023,80,0.0,0.0,0,,,,,,
0.9811899229647096,37.21362229102168,80,0.0,0.0,0,,,,,,
0.9811899229647096,40.36119711042312,80,0.0,0.0,0,,,,,,
0.9811899229647096,43.50877192982456,80,0.0,0.0,0,,,,,,
0.9811899229647096,46.65634674922601,80,0.0,0.0,0,,,,,,
0.9811899229647096,49.80392156862745,80,0.0,0.0,0,,,,,,
1.0978683329330177,-10.0,80,0.0,0.0,0,,,,,,
1.0978683329330177,-6.852425180598555,80,0.0,0.0,0,,,,,,
1.0978683329330177,-3.70485036119711,80,0.0,0.0,0,,,,,,
1.0978683329330177,-0.557275541795665,80,0.0,0.0,0,,,,,,
1.0978683329330177,2.59029927760578,80,0.0,0.0,0,,,,,,
1.0978683329330177,5.737874097007225,80,0.0,0.0,0,,,,,,
1.0978683329330177,8.88544891640867,80,0.0,0.0,0,,,,,,
1.0978683329330177,12.033023735810115,80,0.0,0.0,0,,,,,,
1.0978683329330177,15.18059855521156,80,0.0,0.0,0,,,,,,
1.0978683329330177,18.328173374613005,80,0.0,0.0,0,,,,,,
1.0978683329330177,21.47574819401445,80,0.0,0.0,0,,,,,,
1.0978683329330177,24.6233230134159,80,0.0,0.0,0,,,,,,
1.0978683329330177,27.77089783281734,80,0.0,0.0,0,,,,,,
1.0978683329330177,30.91847265221878,80,0.0,0.0,0,,,,,,
1.0978683329330177,34.06604747162023,80,0.0,0.0,0,,,,,,
1.0978683329330177,37.21362229102168,80,0.0,0.0,0,,,,,,
1.0978683329330177,40.36119711042312,80,0.0,0.0,0,,,,,,
1.0978683329330177,43.50877192982456,80,0.0,0.0,0,,,,,,
1.0978683329330177,46.65634674922601,80,0.0,0.0,0,,,,,,
1.0978683329330177,49.80392156862745,80,0.0,0.0,0,,,,,,
1.2284215810280747,-10.0,80,0.0,0.0,0,,,,,,
1.2284215810280747,-6.852425180598555,80,0.0,0.0,0,,,,,,
1.2284215810280747,-3.70485036119711,80,0.0,0.0,0,,,,,,
1.2284215810280747,-0.557275541795665,80,0.0,0.0,0,,,,,,
1.2284215810280747,2.59029927760578,80,0.0,0.0,0,,,,,,
1.2284215810280747,5.737874097007225,80,0.0,0.0,0,,,,,,
1.2284215810280747,8.88544891640867,80,0.0,0.0,0,,,,,,
1.2284215810280747,12.033023735810115,80,0.0,0.0,0,,,,,,
1.2284215810280747,15.18059855521156,80,0.0,0.0,0,,,,,,
1.2284215810280747,18.328173374613005,80,0.0,0.0,0,,,,,,
1.2284215810280747,21.47574819401445,80,0.0,0.0,0,,,,,,
1.2284215810280747,24.6233230134159,80,0.0,0.0,0,,,,,,
1.2284215810280747,27.77089783281734,80,0.0,0.0,0,,,,,,
1.2284215810280747,30.91847265221878,80,0.0,0.0,0,,,,,,
1.2284215810280747,34.06604747162023,80,0.0,0.0,0,,,,,,
1.2284215810280747,37.21362229102168,80,0.0,0.0,0,,,,,,
1.2284215810280747,40.36119711042312,80,0.0,0.0,0,,,,,,
1.2284215810280747,43.50877192982456,80,0.0,0.0,0,,,,,,
1.2284215810280747,46.65634674922601,80,0.0,0.0,0,,,,,,
1.2284215810280747,49.80392156862745,80,0.0,0.0,0,,,,,,
1.3744995965992417,-10.0,80,0.0,0.0,0,,,,,,
1.3744995965992417,-6.852425180598555,80,0.0,0.0,0,,,,,,
1.3744995965992417,-3.70485036119711,80,0.0,0.0,0,,,,,,
1.3744995965992417,-0.557275541795665,80,0.0,0.0,0,,,,,,
1.3744995965992417,2.59029927760578,80,0.0,0.0,0,,,,,,
1.3744995965992417,5.737874097007225,80,0.0,0.0,0,,,,,,
1.3744995965992417,8.88544891640867,80,0.0,0.0,0,,,,,,
1.3744995965992417,12.033023735810115,80,0.0,0.0,0,,,,,,
1.3744995965992417,15.18059855521156,80,0.0,0.0,0,,,,,,
1.3744995965992417,18.328173374613005,80,0.0,0.0,0,,,,,,
1.3744995965992417,21.47574819401445,80,0.0,0.0,0,,,,,,
1.3744995965992417,24.6233230134159,80,0.0,0.0,0,,,,,,
1.3744995965992417,27.77089783281734,80,0.0,0.0,0,,,,,,
1.3744995965992417,30.91847265221878,80,0.0,0.0,0,,,,,,
1.3744995965992417,34.06604747162023,80,0.0,0.0,0,,,,,,
1.3744995965992417,37.21362229102168,80,0.0,0.0,0,,,,,,
1.3744995965992417,40.36119711042312,80,0.0,0.0,0,,,,,,
1.3744995965992417,43.50877192982456,80,0.0,0.0,0,,,,,,
1.3744995965992417,46.65634674922601,80,0.0,0.0,0,,,,,,
1.3744995965992417,49.80392156862745,80,0.0,0.0,0,,,,,,
1.5379485106980553,-10.0,80,0.0,0.0,0,,,,,,
1.5379485106980553,-6.852425180598555,80,0.0,0.0,0,,,,,,
1.5379485106980553,-3.70485036119711,80,0.0,0.0,0,,,,,,
1.5379485106980553,-0.557275541795665,80,0.0,0.0,0,,,,,,
1.5379485106980553,2.59029927760578,80,0.0,0.0,0,,,,,,
1.5379485106980553,5.737874097007225,80,0.0,0.0,0,,,,,,
1.5379485106980553,8.88544891640867,80,0.0,0.0,0,,,,,,
1.5379485106980553,12.033023735810115,80,0.0,0.0,0,,,,,,
1.5379485106980553,15.18059855521156,80,0.0,0.0,0,,,,,,
1.5379485106980553,18.328173374613005,80,0.0,0.0,0,,,,,,
1.5379485106980553,21.47574819401445,80,0.0,0.0,0,,,,,,
1.5379485106980553,24.6233230134159,80,0.0,0.0,0,,,,,,
1.5379485106980553,27.77089783281734,80,0.0,0.0,0,,,,,,
1.5379485106980553,30.91847265221878,80,0.0,0.0,0,,,,,,
1.5379485106980553,34.06604747162023,80,0.0,0.0,0,,,,,,
1.5379485106980553,37.21362229102168,80,0.0,0.0,0,,,,,,
1.5379485106980553,40.36119711042312,80,0.0,0.0,0,,,,,,
1.5379485106980553,43.50877192982456,80,0.0,0.0,0,,,,,,
1.5379485106980553,46.65634674922601,80,0.0,0.0,0,,,,,,
1.5379485106980553,49.80392156862745,80,0.0,0.0,0,,,,,,
1.720833987445691,-10.0,80,0.0,0.0,0,,,,,,
1.720833987445691,-6.852425180598555,80,0.0,0.0,0,,,,,,
1.720833987445691,-3.70485036119711,80,0.0,0.0,0,,,,,,
1.720833987445691,-0.557275541795665,80,0.0,0.0,0,,,,,,
1.720833987445691,2.59029927760578,80,0.0,0.0,0,,,,,,
1.720833987445691,5.737874097007225,80,0.0,0.0,0,,,,,,
1.720833987445691,8.88544891640867,80,0.0,0.0,0,,,,,,
1.720833987445691,12.033023735810115,80,0.0,0.0,0,,,,,,
1.720833987445691,15.18059855521156,80,0.0,0.0,0,,,,,,
1.720833987445691,18.328173374613005,80,0.0,0.0,0,,,,,,
1.720833987445691,21.47574819401445,80,0.0,0.0,0,,,,,,
1.720833987445691,24.6233230134159,80,0.0,0.0,0,,,,,,
1.720833987445691,27.77089783281734,80,0.0,0.0,0,,,,,,
1.720833987445691,30.91847265221878,80,0.0,0.0,0,,,,,,
1.720833987445691,34.06604747162023,80,0.0,0.0,0,,,,,,
1.720833987445691,37.21362229102168,80,0.0,0.0,0,,,,,,
1.720833987445691,40.36119711042312,80,0.0,0.0,0,,,,,,
1.720833987445691,43.50877192982456,80,0.0,0.0,0,,,,,,
1.720833987445691,46.65634674922601,80,0.0,0.0,0,,,,,,
1.720833987445691,49.80392156862745,80,0.0,0.0,0,,,,,,
1.9254673298549856,-10.0,80,0.0,0.0,0,,,,,,
1.9254673298549856,-6.852425180598555,80,0.0,0.0,0,,,,,,
1.9254673298549856,-3.70485036119711,80,0.0,0.0,0,,,,,,
1.9254673298549856,-0.557275541795665,80,0.0,0.0,0,,,,,,
1.9254673298549856,2.59029927760578,80,0.0,0.0,0,,,,,,
1.9254673298549856,5.737874097007225,80,0.0,0.0,0,,,,,,
1.9254673298549856,8.88544891640867,80,0.0,0.0,0,,,,,,
1.9254673298549856,12.033023735810115,80,0.0,0.0,0,,,,,,
1.9254673298549856,15.18059855521156,80,0.0,0.0,0,,,,,,
1.9254673298549856,18.328173374613005,80,0.0,0.0,0,,,,,,
1.9254673298549856,21.47574819401445,80,0.0,0.0,0,,,,,,
1.9254673298549856,24.6233230134159,80,0.0,0.0,0,,,,,,
1.9254673298549856,27.77089783281734,80,0.0,0.0,0,,,,,,
1.9254673298549856,30.91847265221878,80,0.0,0.0,0,,,,,,
1.9254673298549856,34.06604747162023,80,0.0,0.0,0,,,,,,
1.9254673298549856,37.21362229102168,80,0.0,0.0,0,,,,,,
1.9254673298549856,40.36119711042312,80,0.0,0.0,0,,,,,,
1.9254673298549856,43.50877192982456,80,0.0,0.0,0,,,,,,
1.9254673298549856,46.65634674922601,80,0.0,0.0,0,,,,,,
1.9254673298549856,49.80392156862745,80,0.0,0.0,0,,,,,,
2.154434690031884,-10.0,80,0.0,0.0,0,,,,,,
2.154434690031884,-6.852425180598555,80,0.0,0.0,0,,,,,,
2.154434690031884,-3.70485036119711,80,0.0,0.0,0,,,,,,
2.154434690031884,-0.557275541795665,80,0.0,0.0,0,,,,,,
2.154434690031884,2.59029927760578,80,0.0,0.0,0,,,,,,
2.154434690031884,5.737874097007225,80,0.0,0.0,0,,,,,,
2.154434690031884,8.88544891640867,80,0.0,0.0,0,,,,,,
2.154434690031884,12.033023735810115,80,0.0,0.0,0,,,,,,
2.154434690031884,15.18059855521156,80,0.0,0.0,0,,,,,,
2.154434690031884,18.328173374613005,80,0.0,0.0,0,,,,,,
2.154434690031884,21.47574819401445,80,0.0,0.0,0,,,,,,
2.154434690031884,24.6233230134159,80,0.0,0.0,0,,,,,,
2.154434690031884,27.77089783281734,80,0.0,0.0,0,,,,,,
2.154434690031884,30.91847265221878,80,0.0,0.0,0,,,,,,
2.154434690031884,34.06604747162023,80,0.0,0.0,0,,,,,,
2.154434690031884,37.21362229102168,80,0.0,0.0,0,,,,,,
2.154434690031884,40.36119711042312,80,0.0,0.0,0,,,,,,
2.154434690031884,43.50877192982456,80,0.0,0.0,0,,,,,,
2.154434690031884,46.65634674922601,80,0.0,0.0,0,,,,,,
2.154434690031884,49.80392156862745,80,0.0,0.0,0,,,,,,
2.410629752914247,-10.0,80,0.0,0.0,0,,,,,,
2.410629752914247,-6.852425180598555,80,0.0,0.0,0,,,,,,
2.410629752914247,-3.70485036119711,80,0.0,0.0,0,,,,,,
2.410629752914247,-0.557275541795665,80,0.0,0.0,0,,,,,,
2.410629752914247,2.59029927760578,80,0.0,0.0,0,,,,,,
2.410629752914247,5.737874097007225,80,0.0,0.0,0,,,,,,
2.410629752914247,8.88544891640867,80,0.0,0.0,0,,,,,,
2.410629752914247,12.033023735810115,80,0.0,0.0,0,,,,,,
2.410629752914247,15.18059855521156,80,0.0,0.0,0,,,,,,
2.410629752914247,18.328173374613005,80,0.0,0.0,0,,,,,,
2.410629752914247,21.47574819401445,80,0.0,0.0,0,,,,,,
2.410629752914247,24.6233230134159,80,0.0,0.0,0,,,,,,
2.410629752914247,27.77089783281734,80,0.0,0.0,0,,,,,,
2.410629752914247,30.91847265221878,80,0.0,0.0,0,,,,,,
2.410629752914247,34.06604747162023,80,0.0,0.0,0,,,,,,
2.410629752914247,37.21362229102168,80,0.0,0.0,0,,,,,,
2.410629752914247,40.36119711042312,80,0.0,0.0,0,,,,,,
2.410629752914247,43.50877192982456,80,0.0,0.0,0,,,,,,
2.410629752914247,46.65634674922601,80,0.0,0.0,0,,,,,,
2.410629752914247,49.80392156862745,80,0.0,0.0,0,,,,,,
2.6972903066044687,-10.0,80,0.0,0.0,0,,,,,,
2.6972903066044687,-6.852425180598555,80,0.0,0.0,0,,,,,,
2.6972903066044687,-3.70485036119711,80,0.0,0.0,0,,,,,,
2.6972903066044687,-0.557275541795665,80,0.0,0.0,0,,,,,,
2.6972903066044687,2.59029927760578,80,0.0,0.0,0,,,,,,
2.6972903066044687,5.737874097007225,80,0.0,0.0,0,,,,,,
2.6972903066044687,8.88544891640867,80,0.0,0.0,0,,,,,,
2.6972903066044687,12.033023735810115,80,0.0,0.0,0,,,,,,
2.6972903066044687,15.18059855521156,80,0.0,0.0,0,,,,,,
2.6972903066044687,18.328173374613005,80,0.0,0.0,0,,,,,,
2.6972903066044687,21.47574819401445,80,0.0,0.0,0,,,,,,
2.6972903066044687,24.6233230134159,80,0.0,0.0,0,,,,,,
2.6972903066044687,27.77089783281734,80,0.0,0.0,0,,,,,,
2.6972903066044687,30.91847265221878,80,0.0,0.0,0,,,,,,
2.6972903066044687,34.06604747162023,80,0.0,0.0,0,,,,,,
2.6972903066044687,37.21362229102168,80,0.0,0.0,0,,,,,,
2.6972903066044687,40.36119711042312,80,0.0,0.0,0,,,,,,
2.6972903066044687,43.50877192982456,80,0.0,0.0,0,,,,,,
2.6972903066044687,46.65634674922601,80,0.0,0.0,0,,,,,,
2.6972903066044687,49.80392156862745,80,0.0,0.0,0,,,,,,
3.01803916147103,-10.0,80,0.0,0.0,0,,,,,,
3.01803916147103,-6.852425180598555,80,0.0,0.0,0,,,,,,
3.01803916147103,-3.70485036119711,80,0.0,0.0,0,,,,,,
3.01803916147103,-0.557275541795665,80,0.0,0.0,0,,,,,,
3.01803916147103,2.59029927760578,80,0.0,0.0,0,,,,,,
3.01803916147103,5.737874097007225,80,0.0,0.0,0,,,,,,
3.01803916147103,8.88544891640867,80,0.0,0.0,0,,,,,,
3.01803916147103,12.033023735810115,80,0.0,0.0,0,,,,,,
3.01803916147103,15.18059855521156,80,0.0,0.0,0,,,,,,
3.01803916147103,18.328173374613005,80,0.0,0.0,0,,,,,,
3.01803916147103,21.47574819401445,80,0.0,0.0,0,,,,,,
3.01803916147103,24.6233230134159,80,0.0,0.0,0,,,,,,
3.01803916147103,27.77089783281734,80,0.0,0.0,0,,,,,,
3.01803916147103,30.91847265221878,80,0.0,0.0,0,,,,,,
3.01803916147103,34.06604747162023,80,0.0,0.0,0,,,,,,
3.01803916147103,37.21362229102168,80,0.0,0.0,0,,,,,,
3.01803916147103,40.36119711042312,80,0.0,0.0,0,,,,,,
3.01803916147103,43.50877192982456,80,0.0,0.0,0,,,,,,
3.01803916147103,46.65634674922601,80,0.0,0.0,0,,,,,,
3.01803916147103,49.80392156862745,80,0.0,0.0,0,,,,,,
3.3769299351537825,-10.0,80,0.0,0.0,0,,,,,,
3.3769299351537825,-6.852425180598555,80,0.0,0.0,0,,,,,,
3.3769299351537825,-3.70485036119711,80,0.0,0.0,0,,,,,,
3.3769299351537825,-0.557275541795665,80,0.0,0.0,0,,,,,,
3.3769299351537825,2.59029927760578,80,0.0,0.0,0,,,,,,
3.3769299351537825,5.737874097007225,80,0.0,0.0,0,,,,,,
3.3769299351537825,8.88544891640867,80,0.0,0.0,0,,,,,,
3.3769299351537825,12.033023735810115,80,0.0,0.0,0,,,,,,
3.3769299351537825,15.18059855521156,80,0.0,0.0,0,,,,,,
3.3769299351537825,18.328173374613005,80,0.0,0.0,0,,,,,,
3.3769299351537825,21.47574819401445,80,0.0,0.0,0,,,,,,
3.3769299351537825,24.6233230134159,80,0.0,0.0,0,,,,,,
3.3769299351537825,27.77089783281734,80,0.0,0.0,0,,,,,,
3.3769299351537825,30.91847265221878,80,0.0,0.0,0,,,,,,
3.3769299351537825,34.06604747162023,80,0.0,0.0,0,,,,,,
3.3769299351537825,37.21362229102168,80,0.0,0.0,0,,,,,,
3.3769299351537825,40.36119711042312,80,0.0,0.0,0,,,,,,
3.3769299351537825,43.50877192982456,80,0.0,0.0,0,,,,,,
3.3769299351537825,46.65634674922601,80,0.0,0.0,0,,,,,,
3.3769299351537825,49.80392156862745,80,0.0,0.0,0,,,,,,
3.778498282102957,-10.0,80,0.0,0.0,0,,,,,,
3.778498282102957,-6.852425180598555,80,0.0,0.0,0,,,,,,
3.778498282102957,-3.70485036119711,80,0.0,0.0,0,,,,,,
3.778498282102957,-0.557275541795665,80,0.0,0.0,0,,,,,,
3.778498282102957,2.59029927760578,80,0.0,0.0,0,,,,,,
3.778498282102957,5.737874097007225,80,0.0,0.0,0,,,,,,
3.778498282102957,8.88544891640867,80,0.0,0.0,0,,,,,,
3.778498282102957,12.033023735810115,80,0.0,0.0,0,,,,,,
3.778498282102957,15.18059855521156,80,0.0,0.0,0,,,,,,
3.778498282102957,18.328173374613005,80,0.0,0.0,0,,,,,,
3.778498282102957,21.47574819401445,80,0.0,0.0,0,,,,,,
3.778498282102957,24.6233230134159,80,0.0,0.0,0,,,,,,
3.778498282102957,27.77089783281734,80,0.0,0.0,0,,,,,,
3.778498282102957,30.91847265221878,80,0.0,0.0,0,,,,,,
3.778498282102957,34.06604747162023,80,0.0,0.0,0,,,,,,
3.778498282102957,37.21362229102168,80,0.0,0.0,0,,,,,,
3.778498282102957,40.36119711042312,80,0.0,0.0,0,,,,,,
3.778498282102957,43.50877192982456,80,0.0,0.0,0,,,,,,
3.778498282102957,46.65634674922601,80,0.0,0.0,0,,,,,,
3.778498282102957,49.80392156862745,80,0.0,0.0,0,,,,,,
4.227819215089763,-10.0,80,0.0,0.0,0,,,,,,
4.227819215089763,-6.852425180598555,80,0.0,0.0,0,,,,,,
4.227819215089763,-3.70485036119711,80,0.0,0.0,0,,,,,,
4.227819215089763,-0.557275541795665,80,0.0,0.0,0,,,,,,
4.227819215089763,2.59029927760578,80,0.0,0.0,0,,,,,,
4.227819215089763,5.737874097007225,80,0.0,0.0,0,,,,,,
4.227819215089763,8.88544891640867,80,0.0,0.0,0,,,,,,
4.227819215089763,12.033023735810115,80,0.0,0.0,0,,,,,,
4.227819215089763,15.18059855521156,80,0.0,0.0,0,,,,,,
4.227819215089763,18.328173374613005,80,0.0,0.0,0,,,,,,
4.227819215089763,21.47574819401445,80,0.0,0.0,0,,,,,,
4.227819215089763,24.6233230134159,80,0.0,0.0,0,,,,,,
4.227819215089763,27.77089783281734,80,0.0,0.0,0,,,,,,
4.227819215089763,30.91847265221878,80,0.0,0.0,0,,,,,,
4.227819215089763,34.06604747162023,80,0.0,0.0,0,,,,,,
4.227819215089763,37.21362229102168,80,0.0,0.0,0,,,,,,
4.227819215089763,40.36119711042312,80,0.0,0.0,0,,,,,,
4.227819215089763,43.50877192982456,80,0.0,0.0,0,,,,,,
4.227819215089763,46.65634674922601,80,0.0,0.0,0,,,,,,
4.227819215089763,49.80392156862745,80,0.0,0.0,0,,,,,,
4.730571243116734,-10.0,80,0.0,0.0,0,,,,,,
4.730571243116734,-6.852425180598555,80,0.0,0.0,0,,,,,,
4.730571243116734,-3.70485036119711,80,0.0,0.0,0,,,,,,
4.730571243116734,-0.557275541795665,80,0.0,0.0,0,,,,,,
4.730571243116734,2.59029927760578,80,0.0,0.0,0,,,,,,
4.730571243116734,5.737874097007225,80,0.0,0.0,0,,,,,,
4.730571243116734,8.88544891640867,80,0.0,0.0,0,,,,,,
4.730571243116734,12.033023735810115,80,0.0,0.0,0,,,,,,
4.730571243116734,15.18059855521156,80,0.0,0.0,0,,,,,,
4.730571243116734,18.328173374613005,80,0.0,0.0,0,,,,,,
4.730571243116734,21.47574819401445,80,0.0,0.0,0,,,,,,
4.730571243116734,24.6233230134159,80,0.0,0.0,0,,,,,,
4.730571243116734,27.77089783281734,80,0.0,0.0,0,,,,,,
4.730571243116734,30.91847265221878,80,0.0,0.0,0,,,,,,
4.730571243116734,34.06604747162023,80,0.0,0.0,0,,,,,,
4.730571243116734,37.21362229102168,80,0.0,0.0,0,,,,,,
4.730571243116734,40.36119711042312,80,0.0,0.0,0,,,,,,
4.730571243116734,43.50877192982456,80,0.0,0.0,0,,,,,,
4.730571243116734,46.65634674922601,80,0.0,0.0,0,,,,,,
4.730571243116734,49.80392156862745,80,0.0,0.0,0,,,,,,
5.293108136301392,-10.0,80,0.0,0.0,0,,,,,,
5.293108136301392,-6.852425180598555,80,0.0,0.0,0,,,,,,
5.293108136301392,-3.70485036119711,80,0.0,0.0,0,,,,,,
5.293108136301392,-0.557275541795665,80,0.0,0.0,0,,,,,,
5.293108136301392,2.59029927760578,80,0.0,0.0,0,,,,,,
5.293108136301392,5.737874097007225,80,0.0,0.0,0,,,,,,
5.293108136301392,8.88544891640867,80,0.0,0.0,0,,,,,,
5.293108136301392,12.033023735810115,80,0.0,0.0,0,,,,,,
5.293108136301392,15.18059855521156,80,0.0,0.0,0,,,,,,
5.293108136301392,18.328173374613005,80,0.0,0.0,0,,,,,,
5.293108136301392,21.47574819401445,80,0.0,0.0,0,,,,,,
5.293108136301392,24.6233230134159,80,0.0,0.0,0,,,,,,
5.293108136301392,27.77089783281734,80,0.0,0.0,0,,,,,,
5.293108136301392,30.91847265221878,80,0.0,0.0,0,,,,,,
5.293108136301392,34.06604747162023,80,0.0,0.0,0,,,,,,
5.293108136301392,37.21362229102168,80,0.0,0.0,0,,,,,,
5.293108136301392,40.36119711042312,80,0.0,0.0,0,,,,,,
5.293108136301392,43.50877192982456,80,0.0,0.0,0,,,,,,
5.293108136301392,46.65634674922601,80,0.0,0.0,0,,,,,,
5.293108136301392,49.80392156862745,80,0.0,0.0,0,,,,,,
5.9225392246964725,-10.0,80,0.0,0.0,0,,,,,,
5.9225392246964725,-6.852425180598555,80,0.0,0.0,0,,,,,,
5.9225392246964725,-3.70485036119711,80,0.0,0.0,0,,,,,,
5.9225392246964725,-0.557275541795665,80,0.0,0.0,0,,,,,,
5.9225392246964725,2.59029927760578,80,0.0,0.0,0,,,,,,
5.9225392246964725,5.737874097007225,80,0.0,0.0,0,,,,,,
5.9225392246964725,8.88544891640867,80,0.0,0.0,0,,,,,,
5.9225392246964725,12.033023735810115,80,0.0,0.0,0,,,,,,
5.9225392246964725,15.18059855521156,80,0.0,0.0,0,,,,,,
5.9225392246964725,18.328173374613005,80,0.0,0.0,0,,,,,,
5.9225392246964725,21.47574819401445,80,0.0,0.0,0,,,,,,
5.9225392246964725,24.6233230134159,80,0.0,0.0,0,,,,,,
5.9225392246964725,27.77089783281734,80,0.0,0.0,0,,,,,,
5.9225392246964725,30.91847265221878,80,0.0,0.0,0,,,,,,
5.9225392246964725,34.06604747162023,80,0.0,0.0,0,,,,,,
5.9225392246964725,37.21362229102168,80,0.0,0.0,0,,,,,,
5.9225392246964725,40.36119711042312,80,0.0,0.0,0,,,,,,
5.9225392246964725,43.50877192982456,80,0.0,0.0,0,,,,,,
5.9225392246964725,46.65634674922601,80,0.0,0.0,0,,,,,,
5.9225392246964725,49.80392156862745,80,0.0,0.0,0,,,,,,
6.6268192458615225,-10.0,80,0.0,0.0,0,,,,,,
6.6268192458615225,-6.852425180598555,80,0.0,0.0,0,,,,,,
6.6268192458615225,-3.70485036119711,80,0.0,0.0,0,,,,,,
6.6268192458615225,-0.557275541795665,80,0.0,0.0,0,,,,,,
6.6268192458615225,2.59029927760578,80,0.0,0.0,0,,,,,,
6.6268192458615225,5.737874097007225,80,0.0,0.0,0,,,,,,
6.6268192458615225,8.88544891640867,80,0.0,0.0,0,,,,,,
6.6268192458615225,12.033023735810115,80,0.0,0.0,0,,,,,,
6.6268192458615225,15.18059855521156,80,0.0,0.0,0,,,,,,
6.6268192458615225,18.328173374613005,80,0.0,0.0,0,,,,,,
6.6268192458615225,21.47574819401445,80,0.0,0.0,0,,,,,,
6.6268192458615225,24.6233230134159,80,0.0,0.0,0,,,,,,
6.6268192458615225,27.77089783281734,80,0.0,0.0,0,,,,,,
6.6268192458615225,30.91847265221878,80,0.0,0.0,0,,,,,,
6.6268192458615225,34.06604747162023,80,0.0,0.0,0,,,,,,
6.6268192458615225,37.21362229102168,80,0.0,0.0,0,,,,,,
6.6268192458615225,40.36119711042312,80,0.0,0.0,0,,,,,,
6.6268192458615225,43.50877192982456,80,0.0,0.0,0,,,,,,
6.6268192458615225,46.65634674922601,80,0.0,0.0,0,,,,,,
6.6268192458615225,49.80392156862745,80,0.0,0.0,0,,,,,,
7.414848876677774,-10.0,80,0.0,0.0,0,,,,,,
7.414848876677774,-6.852425180598555,80,0.0,0.0,0,,,,,,
7.414848876677774,-3.70485036119711,80,0.0,0.0,0,,,,,,
7.414848876677774,-0.557275541795665,80,0.0,0.0,0,,,,,,
7.414848876677774,2.59029927760578,80,0.0,0.0,0,,,,,,
7.414848876677774,5.737874097007225,80,0.0,0.0,0,,,,,,
7.414848876677774,8.88544891640867,80,0.0,0.0,0,,,,,,
7.414848876677774,12.033023735810115,80,0.0,0.0,0,,,,,,
7.414848876677774,15.18059855521156,80,0.0,0.0,0,,,,,,
7.414848876677774,18.328173374613005,80,0.0,0.0,0,,,,,,
7.414848876677774,21.47574819401445,80,0.0,0.0,0,,,,,,
7.414848876677774,24.6233230134159,80,0.0,0.0,0,,,,,,
7.414848876677774,27.77089783281734,80,0.0,0.0,0,,,,,,
7.414848876677774,30.91847265221878,80,0.0,0.0,0,,,,,,
7.414848876677774,34.06604747162023,80,0.0,0.0,0,,,,,,
7.414848876677774,37.21362229102168,80,0.0,0.0,0,,,,,,
7.414848876677774,40.36119711042312,80,0.0,0.0,0,,,,,,
7.414848876677774,43.50877192982456,80,0.0,0.0,0,,,,,,
7.414848876677774,46.65634674922601,80,0.0,0.0,0,,,,,,
7.414848876677774,49.80392156862745,80,0.0,0.0,0,,,,,,
8.296587219925286,-10.0,80,0.0,0.0,0,,,,,,
8.296587219925286,-6.852425180598555,80,0.0,0.0,0,,,,,,
8.296587219925286,-3.70485036119711,80,0.0,0.0,0,,,,,,
8.296587219925286,-0.557275541795665,80,0.0,0.0,0,,,,,,
8.296587219925286,2.59029927760578,80,0.0,0.0,0,,,,,,
8.296587219925286,5.737874097007225,80,0.0,0.0,0,,,,,,
8.296587219925286,8.88544891640867,80,0.0,0.0,0,,,,,,
8.296587219925286,12.033023735810115,80,0.0,0.0,0,,,,,,
8.296587219925286,15.18059855521156,80,0.0,0.0,0,,,,,,
8.296587219925286,18.328173374613005,80,0.0,0.0,0,,,,,,
8.296587219925286,21.47574819401445,80,0.0,0.0,0,,,,,,
8.296587219925286,24.6233230134159,80,0.0,0.0,0,,,,,,
8.296587219925286,27.77089783281734,80,0.0,0.0,0,,,,,,
8.296587219925286,30.91847265221878,80,0.0,0.0,0,,,,,,
8.296587219925286,34.06604747162023,80,0.0,0.0,0,,,,,,
8.296587219925286,37.21362229102168,80,0.0,0.0,0,,,,,,
8.296587219925286,40.36119711042312,80,0.0,0.0,0,,,,,,
8.296587219925286,43.50877192982456,80,0.0,0.0,0,,,,,,
8.296587219925286,46.65634674922601,80,0.0,0.0,0,,,,,,
8.296587219925286,49.80392156862745,80,0.0,0.0,0,,,,,,
9.283177667225555,-10.0,80,0.0,0.0,0,,,,,,
9.283177667225555,-6.852425180598555,80,0.0,0.0,0,,,,,,
9.283177667225555,-3.70485036119711,80,0.0,0.0,0,,,,,,
9.283177667225555,-0.557275541795665,80,0.0,0.0,0,,,,,,
9.283177667225555,2.59029927760578,80,0.0,0.0,0,,,,,,
9.283177667225555,5.737874097007225,80,0.0,0.0,0,,,,,,
9.283177667225555,8.88544891640867,80,0.0,0.0,0,,,,,,
9.283177667225555,12.033023735810115,80,0.0,0.0,0,,,,,,
9.283177667225555,15.18059855521156,80,0.0,0.0,0,,,,,,
9.283177667225555,18.328173374613005,80,0.0,0.0,0,,,,,,
9.283177667225555,21.47574819401445,80,0.0,0.0,0,,,,,,
9.283177667225555,24.6233230134159,80,0.0,0.0,0,,,,,,
9.283177667225555,27.77089783281734,80,0.0,0.0,0,,,,,,
9.283177667225555,30.91847265221878,80,0.0,0.0,0,,,,,,
9.283177667225555,34.06604747162023,80,0.0,0.0,0,,,,,,
9.283177667225555,37.21362229102168,80,0.0,0.0,0,,,,,,
9.283177667225555,40.36119711042312,80,0.0,0.0,0,,,,,,
9.283177667225555,43.50877192982456,80,0.0,0.0,0,,,,,,
9.283177667225555,46.65634674922601,80,0.0,0.0,0,,,,,,
9.283177667225555,49.80392156862745,80,0.0,0.0,0,,,,,,
10.38708872900288,-10.0,80,0.0,0.0,0,,,,,,
10.38708872900288,-6.852425180598555,80,0.0,0.0,0,,,,,,
10.38708872900288,-3.70485036119711,80,0.0,0.0,0,,,,,,
10.38708872900288,-0.557275541795665,80,0.0,0.0,0,,,,,,
10.38708872900288,2.59029927760578,80,0.0,0.0,0,,,,,,
10.38708872900288,5.737874097007225,80,0.0,0.0,0,,,,,,
10.38708872900288,8.88544891640867,80,0.0,0.0,0,,,,,,
10.38708872900288,12.033023735810115,80,0.0,0.0,0,,,,,,
10.38708872900288,15.18059855521156,80,0.0,0.0,0,,,,,,
10.38708872900288,18.328173374613005,80,0.0,0.0,0,,,,,,
10.38708872900288,21.47574819401445,80,0.0,0.0,0,,,,,,
10.38708872900288,24.6233230134159,80,0.0,0.0,0,,,,,,
10.38708872900288,27.77089783281734,80,0.0,0.0,0,,,,,,
10.38708872900288,30.91847265221878,80,0.0,0.0,0,,,,,,
10.38708872900288,34.06604747162023,80,0.0,0.0,0,,,,,,
10.38708872900288,37.21362229102168,80,0.0,0.0,0,,,,,,
10.38708872900288,40.36119711042312,80,0.0,0.0,0,,,,,,
10.38708872900288,43.50877192982456,80,0.0,0.0,0,,,,,,
10.38708872900288,46.65634674922601,80,0.0,0.0,0,,,,,,
10.38708872900288,49.80392156862745,80,0.0,0.0,0,,,,,,
11.622271611270804,-10.0,80,0.0,0.0,0,,,,,,
11.622271611270804,-6.852425180598555,80,0.0,0.0,0,,,,,,
11.622271611270804,-3.70485036119711,80,0.0,0.0,0,,,,,,
11.622271611270804,-0.557275541795665,80,0.0,0.0,0,,,,,,
11.622271611270804,2.59029927760578,80,0.0,0.0,0,,,,,,
11.622271611270804,5.737874097007225,80,0.0,0.0,0,,,,,,
11.622271611270804,8.88544891640867,80,0.0,0.0,0,,,,,,
11.622271611270804,12.033023735810115,80,0.0,0.0,0,,,,,,
11.622271611270804,15.18059855521156,80,0.0,0.0,0,,,,,,
11.622271611270804,18.328173374613005,80,0.0,0.0,0,,,,,,
11.622271611270804,21.47574819401445,80,0.0,0.0,0,,,,,,
11.622271611270804,24.6233230134159,80,0.0,0.0,0,,,,,,
11.622271611270804,27.77089783281734,80,0.0,0.0,0,,,,,,
11.622271611270804,30.91847265221878,80,0.0,0.0,0,,,,,,
11.622271611270804,34.06604747162023,80,0.0,0.0,0,,,,,,
11.622271611270804,37.21362229102168,80,0.0,0.0,0,,,,,,
11.622271611270804,40.36119711042312,80,0.0,0.0,0,,,,,,
11.622271611270804,43.50877192982456,80,0.0,0.0,0,,,,,,
11.622271611270804,46.65634674922601,80,0.0,0.0,0,,,,,,
11.622271611270804,49.80392156862745,80,0.0,0.0,0,,,,,,
13.004336530695843,-10.0,80,0.0,0.0,0,,,,,,
13.004336530695843,-6.852425180598555,80,0.0,0.0,0,,,,,,
13.004336530695843,-3.70485036119711,80,0.0,0.0,0,,,,,,
13.004336530695843,-0.557275541795665,80,0.0,0.0,0,,,,,,
13.004336530695843,2.59029927760578,80,0.0,0.0,0,,,,,,
13.004336530695843,5.737874097007225,80,0.0,0.0,0,,,,,,
13.004336530695843,8.88544891640867,80,0.0,0.0,0,,,,,,
13.004336530695843,12.033023735810115,80,0.0,0.0,0,,,,,,
13.004336530695843,15.18059855521156,80,0.0,0.0,0,,,,,,
13.004336530695843,18.328173374613005,80,0.0,0.0,0,,,,,,
13.004336530695843,21.47574819401445,80,0.0,0.0,0,,,,,,
13.004336530695843,24.6233230134159,80,0.0,0.0,0,,,,,,
13.004336530695843,27.77089783281734,80,0.0,0.0,0,,,,,,
13.004336530695843,30.91847265221878,80,0.0,0.0,0,,,,,,
13.004336530695843,34.06604747162023,80,0.0,0.0,0,,,,,,
13.004336530695843,37.21362229102168,80,0.0,0.0,0,,,,,,
13.004336530695843,40.36119711042312,80,0.0,0.0,0,,,,,,
13.004336530695843,43.50877192982456,80,0.0,0.0,0,,,,,,
13.004336530695843,46.65634674922601,80,0.0,0.0,0,,,,,,
13.004336530695843,49.80392156862745,80,0.0,0.0,0,,,,,,
14.550749996204857,-10.0,80,0.0,0.0,0,,,,,,
14.550749996204857,-6.852425180598555,80,0.0,0.0,0,,,,,,
14.550749996204857,-3.70485036119711,80,0.0,0.0,0,,,,,,
14.550749996204857,-0.557275541795665,80,0.0,0.0,0,,,,,,
14.550749996204857,2.59029927760578,80,0.0,0.0,0,,,,,,
14.550749996204857,5.737874097007225,80,0.0,0.0,0,,,,,,
14.550749996204857,8.88544891640867,80,0.0,0.0,0,,,,,,
14.550749996204857,12.033023735810115,80,0.0,0.0,0,,,,,,
14.550749996204857,15.18059855521156,80,0.0,0.0,0,,,,,,
14.550749996204857,18.328173374613005,80,0.0,0.0,0,,,,,,
14.550749996204857,21.47574819401445,80,0.0,0.0,0,,,,,,
14.550749996204857,24.6233230134159,80,0.0,0.0,0,,,,,,
14.550749996204857,27.77089783281734,80,0.0,0.0,0,,,,,,
14.550749996204857,30.91847265221878,80,0.0,0.0,0,,,,,,
14.550749996204857,34.06604747162023,80,0.0,0.0,0,,,,,,
14.550749996204857,37.21362229102168,80,0.0,0.0,0,,,,,,
14.550749996204857,40.36119711042312,80,0.0,0.0,0,,,,,,
14.550749996204857,43.50877192982456,80,0.0,0.0,0,,,,,,
14.550749996204857,46.65634674922601,80,0.0,0.0,0,,,,,,
14.550749996204857,49.80392156862745,80,0.0,0.0,0,,,,,,
16.28105555037697,-10.0,80,0.0,0.0,0,,,,,,
16.28105555037697,-6.852425180598555,80,0.0,0.0,0,,,,,,
16.28105555037697,-3.70485036119711,80,0.0,0.0,0,,,,,,
16.28105555037697,-0.557275541795665,80,0.0,0.0,0,,,,,,
16.28105555037697,2.59029927760578,80,0.0,0.0,0,,,,,,
16.28105555037697,5.737874097007225,80,0.0,0.0,0,,,,,,
16.28105555037697,8.88544891640867,80,0.0,0.0,0,,,,,,
16.28105555037697,12.033023735810115,80,0.0,0.0,0,,,,,,
16.28105555037697,15.18059855521156,80,0.0,0.0,0,,,,,,
16.28105555037697,18.328173374613005,80,0.0,0.0,0,,,,,,
16.28105555037697,21.47574819401445,80,0.0,0.0,0,,,,,,
16.28105555037697,24.6233230134159,80,0.0,0.0,0,,,,,,
16.28105555037697,27.77089783281734,80,0.0,0.0,0,,,,,,
16.28105555037697,30.91847265221878,80,0.0,0.0,0,,,,,,
16.28105555037697,34.06604747162023,80,0.0,0.0,0,,,,,,
16.28105555037697,37.21362229102168,80,0.0,0.0,0,,,,,,
16.28105555037697,40.36119711042312,80,0.0,0.0,0,,,,,,
16.28105555037697,43.50877192982456,80,0.0,0.0,0,,,,,,
16.28105555037697,46.65634674922601,80,0.0,0.0,0,,,,,,
16.28105555037697,49.80392156862745,80,0.0,0.0,0,,,,,,
18.21712076034551,-10.0,80,0.0,0.0,0,,,,,,
18.21712076034551,-6.852425180598555,80,0.0,0.0,0,,,,,,
18.21712076034551,-3.70485036119711,80,0.0,0.0,0,,,,,,
18.21712076034551,-0.557275541795665,80,0.0,0.0,0,,,,,,
18.21712076034551,2.59029927760578,80,0.0,0.0,0,,,,,,
18.21712076034551,5.737874097007225,80,0.0,0.0,0,,,,,,
18.21712076034551,8.88544891640867,80,0.0,0.0,0,,,,,,
18.21712076034551,12.033023735810115,80,0.0,0.0,0,,,,,,
18.21712076034551,15.18059855521156,80,0.0,0.0,0,,,,,,
18.21712076034551,18.328173374613005,80,0.0,0.0,0,,,,,,
18.21712076034551,21.47574819401445,80,0.0,0.0,0,,,,,,
18.21712076034551,24.6233230134159,80,0.0,0.0,0,,,,,,
18.21712076034551,27.77089783281734,80,0.0,0.0,0,,,,,,
18.21712076034551,30.91847265221878,80,0.0,0.0,0,,,,,,
18.21712076034551,34.06604747162023,80,0.0,0.0,0,,,,,,
18.21712076034551,37.21362229102168,80,0.0,0.0,0,,,,,,
18.21712076034551,40.36119711042312,80,0.0,0.0,0,,,,,,
18.21712076034551,43.50877192982456,80,0.0,0.0,0,,,,,,
18.21712076034551,46.65634674922601,80,0.0,0.0,0,,,,,,
18.21712076034551,49.80392156862745,80,0.0,0.0,0,,,,,,
20.383413579675885,-10.0,80,0.0,0.0,0,,,,,,
20.383413579675885,-6.852425180598555,80,0.0,0.0,0,,,,,,
20.383413579675885,-3.70485036119711,80,0.0,0.0,0,,,,,,
20.383413579675885,-0.557275541795665,80,0.0,0.0,0,,,,,,
20.383413579675885,2.59029927760578,80,0.0,0.0,0,,,,,,
20.383413579675885,5.737874097007225,80,0.0,0.0,0,,,,,,
20.383413579675885,8.88544891640867,80,0.0,0.0,0,,,,,,
20.383413579675885,12.033023735810115,80,0.0,0.0,0,,,,,,
20.383413579675885,15.18059855521156,80,0.0,0.0,0,,,,,,
20.383413579675885,18.328173374613005,80,0.0,0.0,0,,,,,,
20.383413579675885,21.47574819401445,80,0.0,0.0,0,,,,,,
20.383413579675885,24.6233230134159,80,0.0,0.0,0,,,,,,
20.383413579675885,27.77089783281734,80,0.0,0.0,0,,,,,,
20.383413579675885,30.91847265221878,80,0.0,0.0,0,,,,,,
20.383413579675885,34.06604747162023,80,0.0,0.0,0,,,,,,
20.383413579675885,37.21362229102168,80,0.0,0.0,0,,,,,,
20.383413579675885,40.36119711042312,80,0.0,0.0,0,,,,,,
20.383413579675885,43.50877192982456,80,0.0,0.0,0,,,,,,
20.383413579675885,46.65634674922601,80,0.0,0.0,0,,,,,,
20.383413579675885,49.80392156862745,80,0.0,0.0,0,,,,,,
22.807311573875463,-10.0,80,0.0,0.0,0,,,,,,
22.807311573875463,-6.852425180598555,80,0.0,0.0,0,,,,,,
22.807311573875463,-3.70485036119711,80,0.0,0.0,0,,,,,,
22.807311573875463,-0.557275541795665,80,0.0,0.0,0,,,,,,
22.807311573875463,2.59029927760578,80,0.0,0.0,0,,,,,,
22.807311573875463,5.737874097007225,80,0.0,0.0,0,,,,,,
22.807311573875463,8.88544891640867,80,0.0,0.0,0,,,,,,
22.807311573875463,12.033023735810115,80,0.0,0.0,0,,,,,,
22.807311573875463,15.18059855521156,80,0.0,0.0,0,,,,,,
22.807311573875463,18.328173374613005,80,0.0,0.0,0,,,,,,
22.807311573875463,21.47574819401445,80,0.0,0.0,0,,,,,,
22.807311573875463,24.6233230134159,80,0.0,0.0,0,,,,,,
22.807311573875463,27.77089783281734,80,0.0,0.0,0,,,,,,
22.807311573875463,30.91847265221878,80,0.0,0.0,0,,,,,,
22.807311573875463,34.06604747162023,80,0.0,0.0,0,,,,,,
22.807311573875463,37.21362229102168,80,0.0,0.0,0,,,,,,
22.807311573875463,40.36119711042312,80,0.0,0.0,0,,,,,,
22.807311573875463,43.50877192982456,80,0.0,0.0,0,,,,,,
22.807311573875463,46.65634674922601,80,0.0,0.0,0,,,,,,
22.807311573875463,49.80392156862745,80,0.0,0.0,0,,,,,,
25.519447917521234,-10.0,80,0.0,0.0,0,,,,,,
25.519447917521234,-6.852425180598555,80,0.0,0.0,0,,,,,,
25.519447917521234,-3.70485036119711,80,0.0,0.0,0,,,,,,
25.519447917521234,-0.557275541795665,80,0.0,0.0,0,,,,,,
25.519447917521234,2.59029927760578,80,0.0,0.0,0,,,,,,
25.519447917521234,5.737874097007225,80,0.0,0.0,0,,,,,,
25.519447917521234,8.88544891640867,80,0.0,0.0,0,,,,,,
25.519447917521234,12.033023735810115,80,0.0,0.0,0,,,,,,
25.519447917521234,15.18059855521156,80,0.0,0.0,0,,,,,,
25.519447917521234,18.328173374613005,80,0.0,0.0,0,,,,,,
25.519447917521234,21.47574819401445,80,0.0,0.0,0,,,,,,
25.519447917521234,24.6233230134159,80,0.0,0.0,0,,,,,,
25.519447917521234,27.77089783281734,80,0.0,0.0,0,,,,,,
25.519447917521234,30.91847265221878,80,0.0,0.0,0,,,,,,
25.519447917521234,34.06604747162023,80,0.0,0.0,0,,,,,,
25.519447917521234,37.21362229102168,80,0.0,0.0,0,,,,,,
25.519447917521234,40.36119711042312,80,0.0,0.0,0,,,,,,
25.519447917521234,43.50877192982456,80,0.0,0.0,0,,,,,,
25.519447917521234,46.65634674922601,80,0.0,0.0,0,,,,,,
25.519447917521234,49.80392156862745,80,0.0,0.0,0,,,,,,
28.55409853570998,-10.0,80,0.0,0.0,0,,,,,,
28.55409853570998,-6.852425180598555,80,0.0,0.0,0,,,,,,
28.55409853570998,-3.70485036119711,80,0.0,0.0,0,,,,,,
28.55409853570998,-0.557275541795665,80,0.0,0.0,0,,,,,,
28.55409853570998,2.59029927760578,80,0.0,0.0,0,,,,,,
28.55409853570998,5.737874097007225,80,0.0,0.0,0,,,,,,
28.55409853570998,8.88544891640867,80,0.0,0.0,0,,,,,,
28.55409853570998,12.033023735810115,80,0.0,0.0,0,,,,,,
28.55409853570998,15.18059855521156,80,0.0,0.0,0,,,,,,
28.55409853570998,18.328173374613005,80,0.0,0.0,0,,,,,,
28.55409853570998,21.47574819401445,80,0.0,0.0,0,,,,,,
28.55409853570998,24.6233230134159,80,0.0,0.0,0,,,,,,
28.55409853570998,27.77089783281734,80,0.0,0.0,0,,,,,,
28.55409853570998,30.91847265221878,80,0.0,0.0,0,,,,,,
28.55409853570998,34.06604747162023,80,0.0,0.0,0,,,,,,
28.55409853570998,37.21362229102168,80,0.0,0.0,0,,,,,,
28.55409853570998,40.36119711042312,80,0.0,0.0,0,,,,,,
28.55409853570998,43.50877192982456,80,0.0,0.0,0,,,,,,
28.55409853570998,46.65634674922601,80,0.0,0.0,0,,,,,,
28.55409853570998,49.80392156862745,80,0.0,0.0,0,,,,,,
31.949615282517083,-10.0,80,0.0,0.0,0,,,,,,
31.949615282517083,-6.852425180598555,80,0.0,0.0,0,,,,,,
31.949615282517083,-3.70485036119711,80,0.0,0.0,0,,,,,,
31.949615282517083,-0.557275541795665,80,0.0,0.0,0,,,,,,
31.949615282517083,2.59029927760578,80,0.0,0.0,0,,,,,,
31.949615282517083,5.737874097007225,80,0.0,0.0,0,,,,,,
31.949615282517083,8.88544891640867,80,0.0,0.0,0,,,,,,
31.949615282517083,12.033023735810115,80,0.0,0.0,0,,,,,,
31.949615282517083,15.18059855521156,80,0.0,0.0,0,,,,,,
31.949615282517083,18.328173374613005,80,0.0,0.0,0,,,,,,
31.949615282517083,21.47574819401445,80,0.0,0.0,0,,,,,,
31.949615282517083,24.6233230134159,80,0.0,0.0,0,,,,,,
31.949615282517083,27.77089783281734,80,0.0,0.0,0,,,,,,
31.949615282517083,30.91847265221878,80,0.0,0.0,0,,,,,,
31.949615282517083,34.06604747162023,80,0.0,0.0,0,,,,,,
31.949615282517083,37.21362229102168,80,0.0,0.0,0,,,,,,
31.949615282517083,40.36119711042312,80,0.0,0.0,0,,,,,,
31.949615282517083,43.50877192982456,80,0.0,0.0,0,,,,,,
31.949615282517083,46.65634674922601,80,0.0,0.0,0,,,,,,
31.949615282517083,49.80392156862745,80,0.0,0.0,0,,,,,,
35.74891063096444,-10.0,80,0.0,0.0,0,,,,,,
35.74891063096444,-6.852425180598555,80,0.0,0.0,0,,,,,,
35.74891063096444,-3.70485036119711,80,0.0,0.0,0,,,,,,
35.74891063096444,-0.557275541795665,80,0.0,0.0,0,,,,,,
35.74891063096444,2.59029927760578,80,0.0,0.0,0,,,,,,
35.74891063096444,5.737874097007225,80,0.0,0.0,0,,,,,,
35.74891063096444,8.88544891640867,80,0.0,0.0,0,,,,,,
35.74891063096444,12.033023735810115,80,0.0,0.0,0,,,,,,
35.74891063096444,15.18059855521156,80,0.0,0.0,0,,,,,,
35.74891063096444,18.328173374613005,80,0.0,0.0,0,,,,,,
35.74891063096444,21.47574819401445,80,0.0,0.0,0,,,,,,
35.74891063096444,24.6233230134159,80,0.0,0.0,0,,,,,,
35.74891063096444,27.77089783281734,80,0.0,0.0,0,,,,,,
35.74891063096444,30.91847265221878,80,0.0,0.0,0,,,,,,
35.74891063096444,34.06604747162023,80,0.0,0.0,0,,,,,,
35.74891063096444,37.21362229102168,80,0.0,0.0,0,,,,,,
35.74891063096444,40.36119711042312,80,0.0,0.0,0,,,,,,
35.74891063096444,43.50877192982456,80,0.0,0.0,0,,,,,,
35.74891063096444,46.65634674922601,80,0.0,0.0,0,,,,,,
35.74891063096444,49.80392156862745,80,0.0,0.0,0,,,,,,
40.0,-10.0,80,0.0,0.0,0,,,,,,
40.0,-6.852425180598555,80,0.0,0.0,0,,,,,,
40.0,-3.70485036119711,80,0.0,0.0,0,,,,,,
40.0,-0.557275541795665,80,0.0,0.0,0,,,,,,
40.0,2.59029927760578,80,0.0,0.0,0,,,,,,
40.0,5.737874097007225,80,0.0,0.0,0,,,,,,
40.0,8.88544891640867,80,0.0,0.0,0,,,,,,
40.0,12.033023735810115,80,0.0,0.0,0,,,,,,
40.0,15.18059855521156,80,0.0,0.0,0,,,,,,
40.0,18.328173374613005,80,0.0,0.0,0,,,,,,
40.0,21.47574819401445,80,0.0,0.0,0,,,,,,
40.0,24.6233230134159,80,0.0,0.0,0,,,,,,
40.0,27.77089783281734,80,0.0,0.0,0,,,,,,
40.0,30.91847265221878,80,0.0,0.0,0,,,,,,
40.0,34.06604747162023,80,0.0,0.0,0,,,,,,
40.0,37.21362229102168,80,0.0,0.0,0,,,,,,
40.0,40.36119711042312,80,0.0,0.0,0,,,,,,
40.0,43.50877192982456,80,0.0,0.0,0,,,,,,
40.0,46.65634674922601,80,0.0,0.0,0,,,,,,
40.0,49.80392156862745,80,0.0,0.0,0,,,,,,
